Station Name,Month,Period,No. of Years,Mean Temperature in degree C - Maximum,Mean Temperature  in degree C - Minimum,Mean Rainfall in mm
Abu,January,1901-2000,100,19.3,8,5.3
Abu,February,1901-2000,100,21,10,4.4
Abu,March,1901-2000,100,25.3,14.5,6.5
Abu,April,1901-2000,100,29.4,18.7,2.6
Abu,May,1901-2000,100,31.5,21,16.4
Abu,June,1901-2000,100,29.1,19.8,101.6
Abu,July,1901-2000,100,24.5,18.7,573.2
Abu,August,1901-2000,100,22.7,17.8,600.3
Abu,September,1901-2000,100,24.5,17.6,214.2
Abu,October,1901-2000,100,26.7,16.2,19.4
Abu,November,1901-2000,100,23.8,12.1,7.9
Abu,December,1901-2000,100,20.9,9,2.4
Agartala (A),January,1953-2000,43,25.6,10,27.5
Agartala (A),February,1953-2000,43,28.3,13.2,21.5
Agartala (A),March,1953-2000,43,32.5,18.7,60.7
Agartala (A),April,1953-2000,43,33.7,22.2,199.7
Agartala (A),May,1953-2000,43,32.8,23.5,329.9
Agartala (A),June,1953-2000,43,31.8,24.6,393.4
Agartala (A),July,1953-2000,43,31.4,24.8,363.1
Agartala (A),August,1953-2000,43,31.7,24.7,298.7
Agartala (A),September,1953-2000,43,31.7,24.3,232.4
Agartala (A),October,1953-2000,43,31.1,22,162.5
Agartala (A),November,1953-2000,43,29.2,16.6,46
Agartala (A),December,1953-2000,43,26.4,11.3,10.6
Agra,January,1901-2000,100,22.3,7.7,13.2
Agra,February,1901-2000,100,25.5,10.3,17.6
Agra,March,1901-2000,100,31.9,15.5,9.3
Agra,April,1901-2000,100,37.9,21.5,6.3
Agra,May,1901-2000,100,41.7,26.5,11.3
Agra,June,1901-2000,100,40.7,28.9,55.7
Agra,July,1901-2000,100,35.3,26.8,203.3
Agra,August,1901-2000,100,33.2,25.7,243.2
Agra,September,1901-2000,100,34,24.3,129.7
Agra,October,1901-2000,100,34,19.1,24.8
Agra,November,1901-2000,100,29.2,12.5,4.3
Agra,December,1901-2000,100,23.9,8.2,6.1
Ahmedabad,January,1901-2000,100,28.7,13.1,2.1
Ahmedabad,February,1901-2000,100,31,14.8,1.2
Ahmedabad,March,1901-2000,100,35.9,19.4,1.1
Ahmedabad,April,1901-2000,100,39.5,23.5,1.9
Ahmedabad,May,1901-2000,100,41.4,26.3,9.1
Ahmedabad,June,1901-2000,100,38.5,27.2,97.4
Ahmedabad,July,1901-2000,100,33.5,25.7,309.8
Ahmedabad,August,1901-2000,100,32,24.9,213.8
Ahmedabad,September,1901-2000,100,33.5,24.4,126.6
Ahmedabad,October,1901-2000,100,35.8,21.9,13.5
Ahmedabad,November,1901-2000,100,33.2,17.5,6.1
Ahmedabad,December,1901-2000,100,29.9,14.1,1.7
Aijal/Aizwal,January,1937-1992,34,20.4,11.4,13.4
Aijal/Aizwal,February,1937-1992,34,21.7,12.8,23.4
Aijal/Aizwal,March,1937-1992,34,25.2,15.6,73.4
Aijal/Aizwal,April,1937-1992,34,26.8,17.5,167.7
Aijal/Aizwal,May,1937-1992,34,26.3,18.1,289
Aijal/Aizwal,June,1937-1992,34,25.5,18.9,406.1
Aijal/Aizwal,July,1937-1992,34,25.3,19.1,320.4
Aijal/Aizwal,August,1937-1992,34,25.5,19.1,320.6
Aijal/Aizwal,September,1937-1992,34,25.7,19.2,305.2
Aijal/Aizwal,October,1937-1992,34,24.7,18,183.7
Aijal/Aizwal,November,1937-1992,34,23,15.1,43.2
Aijal/Aizwal,December,1937-1992,34,21,12.2,15.3
Ajmer,January,1901-2000,100,22.9,7.6,7.3
Ajmer,February,1901-2000,100,25.7,10.3,6
Ajmer,March,1901-2000,100,31.3,16,5
Ajmer,April,1901-2000,100,36.5,22.2,4
Ajmer,May,1901-2000,100,39.7,26.8,15.7
Ajmer,June,1901-2000,100,38.4,27.5,58.1
Ajmer,July,1901-2000,100,33.6,25.6,181.5
Ajmer,August,1901-2000,100,31.3,24.4,157.5
Ajmer,September,1901-2000,100,32.6,23.7,73
Ajmer,October,1901-2000,100,33.5,18.8,13.1
Ajmer,November,1901-2000,100,29.2,12.3,4
Ajmer,December,1901-2000,100,24.7,8.4,3.8
Akola (A),January,1961-2000,40,29.9,13.1,10.4
Akola (A),February,1961-2000,40,32.8,15.4,8.1
Akola (A),March,1961-2000,40,37.3,19.7,10
Akola (A),April,1961-2000,40,40.9,24.2,4.1
Akola (A),May,1961-2000,40,42.5,27.3,9.8
Akola (A),June,1961-2000,40,37.6,25.5,144.9
Akola (A),July,1961-2000,40,32.4,23.5,217.2
Akola (A),August,1961-2000,40,30.6,23,196.6
Akola (A),September,1961-2000,40,32.5,22.5,122.7
Akola (A),October,1961-2000,40,34.1,19.7,47.7
Akola (A),November,1961-2000,40,31.7,15.6,18.7
Akola (A),December,1961-2000,40,29.5,12.4,12.1
Allahabad,January,1901-2000,100,23.5,8.9,17.9
Allahabad,February,1901-2000,100,26.7,11.4,17.3
Allahabad,March,1901-2000,100,33.4,16.6,9.6
Allahabad,April,1901-2000,100,39.1,22.3,5.5
Allahabad,May,1901-2000,100,41.8,26.7,8.8
Allahabad,June,1901-2000,100,39.8,28.5,88.8
Allahabad,July,1901-2000,100,34,26.6,280.9
Allahabad,August,1901-2000,100,32.5,25.9,296.1
Allahabad,September,1901-2000,100,33,25,185
Allahabad,October,1901-2000,100,33,20.2,36.6
Allahabad,November,1901-2000,100,29.2,13.5,9.3
Allahabad,December,1901-2000,100,24.6,9.4,7
Ambikapur,January,1951-2000,49,23.5,8.7,22.6
Ambikapur,February,1951-2000,49,26.8,11.3,22.5
Ambikapur,March,1951-2000,49,32,15.6,18.4
Ambikapur,April,1951-2000,49,36.8,20.8,13
Ambikapur,May,1951-2000,49,39.4,24.7,19.4
Ambikapur,June,1951-2000,49,35.5,24.8,211.2
Ambikapur,July,1951-2000,49,29.7,23.2,428.3
Ambikapur,August,1951-2000,49,29.3,22.9,389.8
Ambikapur,September,1951-2000,49,29.8,22.1,227.2
Ambikapur,October,1951-2000,49,29.5,18.1,56.8
Ambikapur,November,1951-2000,49,26.5,12.2,9.7
Ambikapur,December,1951-2000,49,23.8,8.5,6.5
Amini Divi,January,1901-2000,97,31.2,23.6,15.9
Amini Divi,February,1901-2000,97,31.7,24.5,2.9
Amini Divi,March,1901-2000,97,32.5,25.3,3.8
Amini Divi,April,1901-2000,97,33.3,26.7,22.6
Amini Divi,May,1901-2000,97,33,27.1,131.1
Amini Divi,June,1901-2000,97,30.4,25.7,371.1
Amini Divi,July,1901-2000,97,29.6,25.3,314.5
Amini Divi,August,1901-2000,97,29.6,25.3,214
Amini Divi,September,1901-2000,97,30,25.3,149.9
Amini Divi,October,1901-2000,97,30.5,25.1,139.2
Amini Divi,November,1901-2000,97,31,24.5,88.6
Amini Divi,December,1901-2000,97,31.1,23.7,38.5
Amritsar (Rajasansi),January,1948-2000,53,19.2,3.9,28.3
Amritsar (Rajasansi),February,1948-2000,53,21.9,6.3,29.2
Amritsar (Rajasansi),March,1948-2000,53,26.9,11,34.8
Amritsar (Rajasansi),April,1948-2000,53,33.9,16.2,19.3
Amritsar (Rajasansi),May,1948-2000,53,38.8,21.2,19.6
Amritsar (Rajasansi),June,1948-2000,53,39.8,24.9,51.7
Amritsar (Rajasansi),July,1948-2000,53,35.3,25.6,224.7
Amritsar (Rajasansi),August,1948-2000,53,34.3,25.2,174.5
Amritsar (Rajasansi),September,1948-2000,53,34.4,22.7,94.6
Amritsar (Rajasansi),October,1948-2000,53,32.3,15.7,21.3
Amritsar (Rajasansi),November,1948-2000,53,27,8.6,5.7
Amritsar (Rajasansi),December,1948-2000,53,21.3,4.3,14.6
Anantpur,January,1946-2000,55,30.4,17.4,0.9
Anantpur,February,1946-2000,55,33.7,19.3,1.3
Anantpur,March,1946-2000,55,37.1,22.4,4.7
Anantpur,April,1946-2000,55,38.9,25.8,16.9
Anantpur,May,1946-2000,55,38.8,26.2,55
Anantpur,June,1946-2000,55,35.4,25,55.8
Anantpur,July,1946-2000,55,33.3,24.2,62.7
Anantpur,August,1946-2000,55,32.8,23.8,75.3
Anantpur,September,1946-2000,55,32.8,23.4,133.2
Anantpur,October,1946-2000,55,31.8,22.5,104.7
Anantpur,November,1946-2000,55,30.1,20.1,37.8
Anantpur,December,1946-2000,55,29.1,17.7,11.2
Androth,January,1965-1979,11,30.3,24.4,10.5
Androth,February,1965-1979,11,30.9,24.8,2.4
Androth,March,1965-1979,11,32.2,25.5,6
Androth,April,1965-1979,11,33.1,26.3,25.9
Androth,May,1965-1979,11,32.8,26.4,130.4
Androth,June,1965-1979,11,30.5,24.9,401.7
Androth,July,1965-1979,11,29.9,24.3,486.1
Androth,August,1965-1979,11,30.1,24.9,238.6
Androth,September,1965-1979,11,30,24.7,182.2
Androth,October,1965-1979,11,30.5,24.7,166.5
Androth,November,1965-1979,11,30.4,24.1,129.8
Androth,December,1965-1979,11,30.7,24,90.2
Aurangabad,January,1952-2000,49,29,11,11.3
Aurangabad,February,1952-2000,49,31.7,13,2.7
Aurangabad,March,1952-2000,49,35.6,17.6,5.6
Aurangabad,April,1952-2000,49,38.5,21.9,3.9
Aurangabad,May,1952-2000,49,39.5,23.9,26.2
Aurangabad,June,1952-2000,49,34.7,22.9,132.2
Aurangabad,July,1952-2000,49,30.3,21.7,157.9
Aurangabad,August,1952-2000,49,29.2,21.1,152.7
Aurangabad,September,1952-2000,49,30.3,20.6,146
Aurangabad,October,1952-2000,49,31.8,18,62.1
Aurangabad,November,1952-2000,49,30,13.7,26.8
Aurangabad,December,1952-2000,49,28.4,10.7,12
Balasore,January,1901-2000,97,27,13.9,17
Balasore,February,1901-2000,97,29.5,16.7,36.3
Balasore,March,1901-2000,97,33.7,21,39.4
Balasore,April,1901-2000,97,36,24.4,54.8
Balasore,May,1901-2000,97,36.1,26,108.6
Balasore,June,1901-2000,97,34.2,26.2,233.4
Balasore,July,1901-2000,97,31.8,25.8,297.9
Balasore,August,1901-2000,97,31.4,25.8,318.3
Balasore,September,1901-2000,97,31.7,25.5,275.8
Balasore,October,1901-2000,97,31.3,23,184
Balasore,November,1901-2000,97,29.2,17.8,41.6
Balasore,December,1901-2000,97,26.9,13.7,6.5
Bangalore,January,1901-2000,100,27.4,15,4.9
Bangalore,February,1901-2000,100,30.1,16.6,7.9
Bangalore,March,1901-2000,100,32.8,19,10
Bangalore,April,1901-2000,100,33.9,21.3,43.9
Bangalore,May,1901-2000,100,33.1,21.1,111.9
Bangalore,June,1901-2000,100,29.4,19.8,79.7
Bangalore,July,1901-2000,100,27.7,19.3,109.7
Bangalore,August,1901-2000,100,27.6,19.2,138.8
Bangalore,September,1901-2000,100,28.1,19.1,185.9
Bangalore,October,1901-2000,100,27.9,18.9,161.7
Bangalore,November,1901-2000,100,26.8,17.2,59.2
Bangalore,December,1901-2000,100,26.2,15.4,17.4
Bareilly,January,1901-2000,97,21.6,8.3,22.9
Bareilly,February,1901-2000,97,24,10.4,25.3
Bareilly,March,1901-2000,97,30.6,15.2,14.5
Bareilly,April,1901-2000,97,36.8,20.9,8.9
Bareilly,May,1901-2000,97,39.9,25.1,19.3
Bareilly,June,1901-2000,97,38.6,27,106.4
Bareilly,July,1901-2000,97,33.9,26.1,307
Bareilly,August,1901-2000,97,32.6,25.8,290.9
Bareilly,September,1901-2000,97,33,24.4,186.1
Bareilly,October,1901-2000,97,32.3,19.3,44.9
Bareilly,November,1901-2000,97,28,12.7,3.9
Bareilly,December,1901-2000,97,23.2,8.8,9.7
Baroda (A),January,1952-2000,48,29.5,12.5,2.2
Baroda (A),February,1952-2000,48,31.9,14.2,0.7
Baroda (A),March,1952-2000,48,36.2,18.4,0.7
Baroda (A),April,1952-2000,48,39.2,23,1.4
Baroda (A),May,1952-2000,48,40.1,26.6,6.1
Baroda (A),June,1952-2000,48,36.8,27,118.9
Baroda (A),July,1952-2000,48,32.5,25.8,274.6
Baroda (A),August,1952-2000,48,31.4,25,242.4
Baroda (A),September,1952-2000,48,33,24.5,124.2
Baroda (A),October,1952-2000,48,35.5,21.4,26.4
Baroda (A),November,1952-2000,48,33.4,16.9,13.3
Baroda (A),December,1952-2000,48,30.7,13.7,3.7
Belgaum Samra,January,1952-2000,49,29.2,14.6,1.1
Belgaum Samra,February,1952-2000,49,31.7,15.7,2.1
Belgaum Samra,March,1952-2000,49,34.6,18.5,10.6
Belgaum Samra,April,1952-2000,49,35.8,20.4,45.1
Belgaum Samra,May,1952-2000,49,34.3,21,89.8
Belgaum Samra,June,1952-2000,49,28.7,20.9,166.1
Belgaum Samra,July,1952-2000,49,25.8,20.4,268.9
Belgaum Samra,August,1952-2000,49,25.7,20.1,157.4
Belgaum Samra,September,1952-2000,49,27.6,19.5,109.3
Belgaum Samra,October,1952-2000,49,29.2,19.1,124.9
Belgaum Samra,November,1952-2000,49,28.6,16.9,34.2
Belgaum Samra,December,1952-2000,49,28.2,15.2,5.6
Bhagalpur,January,1901-1999,56,24.2,11.6,18.2
Bhagalpur,February,1901-1999,56,27.2,13.9,11.4
Bhagalpur,March,1901-1999,56,33.1,18.9,10.3
Bhagalpur,April,1901-1999,56,37.5,23.3,21.5
Bhagalpur,May,1901-1999,56,37.6,25,63
Bhagalpur,June,1901-1999,56,35.5,26.3,187.4
Bhagalpur,July,1901-1999,56,33,26.3,264.5
Bhagalpur,August,1901-1999,56,32.6,26.3,240.7
Bhagalpur,September,1901-1999,56,32.8,25.8,211.6
Bhagalpur,October,1901-1999,56,32.2,23,83.2
Bhagalpur,November,1901-1999,56,29.4,17.1,5.4
Bhagalpur,December,1901-1999,56,25.5,12.4,3.3
Bhatinda,January,1959-1984,24,20.5,4.7,11.4
Bhatinda,February,1959-1984,24,22.8,7.8,13.2
Bhatinda,March,1959-1984,24,28.3,12.5,23.5
Bhatinda,April,1959-1984,24,35.7,18.6,8.8
Bhatinda,May,1959-1984,24,40,22.7,14.8
Bhatinda,June,1959-1984,24,41.4,26.8,34.1
Bhatinda,July,1959-1984,24,36.9,26.3,133.1
Bhatinda,August,1959-1984,24,35.4,25.3,120.2
Bhatinda,September,1959-1984,24,35.4,22.6,47
Bhatinda,October,1959-1984,24,34,16.3,7.8
Bhatinda,November,1959-1984,24,28.2,9.6,7.7
Bhatinda,December,1959-1984,24,22.7,5.2,6.8
Bhopal (Bairagarh),January,1949-2000,52,25.3,10.5,13.2
Bhopal (Bairagarh),February,1949-2000,52,28.3,12.4,8.7
Bhopal (Bairagarh),March,1949-2000,52,33.5,17.1,8.4
Bhopal (Bairagarh),April,1949-2000,52,38.3,21.8,4.3
Bhopal (Bairagarh),May,1949-2000,52,40.7,25.7,11.7
Bhopal (Bairagarh),June,1949-2000,52,37.2,25.4,120.2
Bhopal (Bairagarh),July,1949-2000,52,30.7,23.2,354.1
Bhopal (Bairagarh),August,1949-2000,52,28.9,22.5,363.3
Bhopal (Bairagarh),September,1949-2000,52,30.5,21.6,185.1
Bhopal (Bairagarh),October,1949-2000,52,32,18.5,31
Bhopal (Bairagarh),November,1949-2000,52,28.9,14.2,12.1
Bhopal (Bairagarh),December,1949-2000,52,26,10.9,11
Bhubaneshwar (A),January,1952-2000,49,28.5,15.5,13.1
Bhubaneshwar (A),February,1952-2000,49,31.6,18.6,25.5
Bhubaneshwar (A),March,1952-2000,49,35.1,22.3,25.2
Bhubaneshwar (A),April,1952-2000,49,37.2,25.1,30.8
Bhubaneshwar (A),May,1952-2000,49,37.5,26.5,68.2
Bhubaneshwar (A),June,1952-2000,49,35.2,26.1,204.9
Bhubaneshwar (A),July,1952-2000,49,32,25.2,326.2
Bhubaneshwar (A),August,1952-2000,49,31.6,25.1,366.8
Bhubaneshwar (A),September,1952-2000,49,31.9,24.8,256.3
Bhubaneshwar (A),October,1952-2000,49,31.7,23,190.7
Bhubaneshwar (A),November,1952-2000,49,30.2,18.8,41.7
Bhubaneshwar (A),December,1952-2000,49,28.3,15.2,4.9
Bhuj (Rudramata),January,1953-2000,47,27.1,8.8,2
Bhuj (Rudramata),February,1953-2000,47,30.1,11.8,1.5
Bhuj (Rudramata),March,1953-2000,47,35.1,17.4,2.1
Bhuj (Rudramata),April,1953-2000,47,38.8,22,1.1
Bhuj (Rudramata),May,1953-2000,47,39.6,25.3,7.5
Bhuj (Rudramata),June,1953-2000,47,37.5,27.1,38
Bhuj (Rudramata),July,1953-2000,47,34,26.3,125.7
Bhuj (Rudramata),August,1953-2000,47,32.8,25.3,103.5
Bhuj (Rudramata),September,1953-2000,47,34.3,23.9,63.1
Bhuj (Rudramata),October,1953-2000,47,36.4,20.7,19.7
Bhuj (Rudramata),November,1953-2000,47,32.7,15.1,8.5
Bhuj (Rudramata),December,1953-2000,47,28.4,10.1,1
Bikaner,January,1901-2000,97,22.6,6.5,5.7
Bikaner,February,1901-2000,97,25.8,9.6,7.8
Bikaner,March,1901-2000,97,31.9,15.7,6.3
Bikaner,April,1901-2000,97,37.7,22,11.9
Bikaner,May,1901-2000,97,41.8,27.1,15.9
Bikaner,June,1901-2000,97,41.7,29.3,33
Bikaner,July,1901-2000,97,38.4,28.1,91.1
Bikaner,August,1901-2000,97,36.5,26.8,82.6
Bikaner,September,1901-2000,97,36.7,25.2,40.8
Bikaner,October,1901-2000,97,35.8,20,10.1
Bikaner,November,1901-2000,97,30.4,12.4,1.9
Bikaner,December,1901-2000,97,24.7,7.4,3
Cannanore,January,1978-2000,22,32.7,21.5,4.8
Cannanore,February,1978-2000,22,33.1,22.3,0.2
Cannanore,March,1978-2000,22,33.6,24.1,52.3
Cannanore,April,1978-2000,22,34.1,25.6,41.7
Cannanore,May,1978-2000,22,33.3,25.3,206.6
Cannanore,June,1978-2000,22,29.6,23.6,1048.1
Cannanore,July,1978-2000,22,28.9,23.1,875.5
Cannanore,August,1978-2000,22,29,23.1,574.4
Cannanore,September,1978-2000,22,30.1,23.4,200.8
Cannanore,October,1978-2000,22,31,23.5,221.7
Cannanore,November,1978-2000,22,32,23,103.3
Cannanore,December,1978-2000,22,32.5,22,36.5
Chandigarh,January,1954-1977,24,20.4,6.1,46.6
Chandigarh,February,1954-1977,24,23.1,8.3,33.9
Chandigarh,March,1954-1977,24,28.5,13.4,29.3
Chandigarh,April,1954-1977,24,34.5,18.9,11.3
Chandigarh,May,1954-1977,24,38.3,23.2,24.2
Chandigarh,June,1954-1977,24,38.6,25.4,112.6
Chandigarh,July,1954-1977,24,34,24,276.3
Chandigarh,August,1954-1977,24,32.8,23.3,282.8
Chandigarh,September,1954-1977,24,33.1,21.8,179
Chandigarh,October,1954-1977,24,31.8,17,41.6
Chandigarh,November,1954-1977,24,27.3,10.5,6.7
Chandigarh,December,1954-1977,24,22.1,6.7,18.9
Chennai (Minambakkam),January,1901-2000,100,28.8,20.4,35.3
Chennai (Minambakkam),February,1901-2000,100,30.5,21.1,13
Chennai (Minambakkam),March,1901-2000,100,32.6,23,14.5
Chennai (Minambakkam),April,1901-2000,100,34.7,25.8,15.9
Chennai (Minambakkam),May,1901-2000,100,37.4,27.6,42.4
Chennai (Minambakkam),June,1901-2000,100,37.3,27.4,53.9
Chennai (Minambakkam),July,1901-2000,100,35.3,26.1,99.6
Chennai (Minambakkam),August,1901-2000,100,34.5,25.5,129.9
Chennai (Minambakkam),September,1901-2000,100,33.9,25.2,123.5
Chennai (Minambakkam),October,1901-2000,100,31.8,24.2,284.6
Chennai (Minambakkam),November,1901-2000,100,29.4,22.6,353
Chennai (Minambakkam),December,1901-2000,100,28.4,21.2,146.3
Cherrapunji,January,1902-2000,99,15.7,7.3,19.2
Cherrapunji,February,1902-2000,99,17.1,8.9,51.5
Cherrapunji,March,1902-2000,99,20.4,12.5,223.1
Cherrapunji,April,1902-2000,99,21.9,14.6,684.1
Cherrapunji,May,1902-2000,99,22.4,16.1,1393.9
Cherrapunji,June,1902-2000,99,22.4,17.7,2597.5
Cherrapunji,July,1902-2000,99,22.4,18.2,2622
Cherrapunji,August,1902-2000,99,22.7,18.2,1793.5
Cherrapunji,September,1902-2000,99,23,17.8,1113
Cherrapunji,October,1902-2000,99,22.5,15.7,478
Cherrapunji,November,1902-2000,99,20.1,12,63.3
Cherrapunji,December,1902-2000,99,17.1,8.6,13.5
Coimbatore (Pilamedu),January,1948-2000,53,30.2,18.1,6.6
Coimbatore (Pilamedu),February,1948-2000,53,32.9,19.2,8.9
Coimbatore (Pilamedu),March,1948-2000,53,35.5,21.3,12
Coimbatore (Pilamedu),April,1948-2000,53,36.2,23.3,49.4
Coimbatore (Pilamedu),May,1948-2000,53,34.7,23.3,68.8
Coimbatore (Pilamedu),June,1948-2000,53,32,22.3,84.4
Coimbatore (Pilamedu),July,1948-2000,53,30.8,21.7,34.3
Coimbatore (Pilamedu),August,1948-2000,53,31.3,21.7,28.4
Coimbatore (Pilamedu),September,1948-2000,53,32.2,21.8,57.3
Coimbatore (Pilamedu),October,1948-2000,53,31.3,21.8,136.7
Coimbatore (Pilamedu),November,1948-2000,53,29.9,20.6,119.3
Coimbatore (Pilamedu),December,1948-2000,53,29.1,18.8,40.8
Cooch Behar,January,1901-2000,61,23.7,9.6,8.3
Cooch Behar,February,1901-2000,61,25.8,11.6,13.1
Cooch Behar,March,1901-2000,61,29.9,15.8,40.7
Cooch Behar,April,1901-2000,61,31.7,20.1,127.9
Cooch Behar,May,1901-2000,61,31,22.2,377.6
Cooch Behar,June,1901-2000,61,31.1,24.1,766.8
Cooch Behar,July,1901-2000,61,31.3,24.9,813.4
Cooch Behar,August,1901-2000,61,31.6,25.1,620.5
Cooch Behar,September,1901-2000,61,31.3,24.3,519
Cooch Behar,October,1901-2000,61,30.5,21.2,179.8
Cooch Behar,November,1901-2000,61,28.1,15.4,9.7
Cooch Behar,December,1901-2000,61,25.2,11.2,4
Darjeeling,January,1901-2000,97,9.4,1.8,19.7
Darjeeling,February,1901-2000,97,10.4,2.9,24.1
Darjeeling,March,1901-2000,97,14.4,6.3,47.7
Darjeeling,April,1901-2000,97,17.4,9.4,115.8
Darjeeling,May,1901-2000,97,18.5,11.5,197.2
Darjeeling,June,1901-2000,97,19.3,13.6,570
Darjeeling,July,1901-2000,97,19.4,14.3,781.7
Darjeeling,August,1901-2000,97,19.6,14.2,635.3
Darjeeling,September,1901-2000,97,19.2,13.3,437.3
Darjeeling,October,1901-2000,97,18,10.3,122.5
Darjeeling,November,1901-2000,97,14.7,6.3,23.5
Darjeeling,December,1901-2000,97,11.5,3.3,7
Dehra Dun,January,1901-2000,84,19.3,6,55
Dehra Dun,February,1901-2000,84,21.5,7.8,58.8
Dehra Dun,March,1901-2000,84,26.4,12,49
Dehra Dun,April,1901-2000,84,32.1,16.7,22.5
Dehra Dun,May,1901-2000,84,35.6,20.7,41.7
Dehra Dun,June,1901-2000,84,34.8,23,201.8
Dehra Dun,July,1901-2000,84,30.5,22.8,672.6
Dehra Dun,August,1901-2000,84,29.4,22.4,728.2
Dehra Dun,September,1901-2000,84,29.7,20.8,296.5
Dehra Dun,October,1901-2000,84,28.5,15.7,49.8
Dehra Dun,November,1901-2000,84,25,10.4,8.6
Dehra Dun,December,1901-2000,84,21.1,6.8,24.4
Dharmsala,January,1951-1998,48,14.8,5.9,119.7
Dharmsala,February,1951-1998,48,16.7,7.5,108.2
Dharmsala,March,1951-1998,48,21,11.4,241.7
Dharmsala,April,1951-1998,48,26.1,15.9,58.3
Dharmsala,May,1951-1998,48,30.3,19.8,64.2
Dharmsala,June,1951-1998,48,31.4,21.6,222.7
Dharmsala,July,1951-1998,48,27.3,20.6,876.9
Dharmsala,August,1951-1998,48,26.4,20.2,864.6
Dharmsala,September,1951-1998,48,26.4,18.6,375.8
Dharmsala,October,1951-1998,48,24.9,15,55.8
Dharmsala,November,1951-1998,48,20.9,10.6,20.8
Dharmsala,December,1951-1998,48,16.9,7.4,54.9
Dibrugarh/Mohanbari,January,1952-2000,49,22.7,9.1,32
Dibrugarh/Mohanbari,February,1952-2000,49,23.9,12.2,78.5
Dibrugarh/Mohanbari,March,1952-2000,49,26.5,15.6,109.7
Dibrugarh/Mohanbari,April,1952-2000,49,27.9,18.7,218.7
Dibrugarh/Mohanbari,May,1952-2000,49,29.4,21.7,316
Dibrugarh/Mohanbari,June,1952-2000,49,30.9,24,419.5
Dibrugarh/Mohanbari,July,1952-2000,49,31,24.5,520.9
Dibrugarh/Mohanbari,August,1952-2000,49,31.6,24.8,443.8
Dibrugarh/Mohanbari,September,1952-2000,49,30.7,23.8,333.1
Dibrugarh/Mohanbari,October,1952-2000,49,29.5,20.6,143.4
Dibrugarh/Mohanbari,November,1952-2000,49,27.1,14.6,24.7
Dibrugarh/Mohanbari,December,1952-2000,49,24,9.8,18
Gadag,January,1932-2000,69,30.1,16.5,2.2
Gadag,February,1932-2000,69,32.9,18.4,1.6
Gadag,March,1932-2000,69,35.9,21,6.2
Gadag,April,1932-2000,69,37.3,22.4,37.2
Gadag,May,1932-2000,69,36.3,22.4,77.6
Gadag,June,1932-2000,69,31,21.7,81.6
Gadag,July,1932-2000,69,28.5,21.2,71.6
Gadag,August,1932-2000,69,28.7,20.8,86.7
Gadag,September,1932-2000,69,29.8,20.5,126.6
Gadag,October,1932-2000,69,30.6,20.5,121.1
Gadag,November,1932-2000,69,29.7,18.3,36.6
Gadag,December,1932-2000,69,29,16.3,8.6
Gangtok,January,1966-2000,35,12.6,4.2,31.9
Gangtok,February,1966-2000,35,14.1,5.5,79.4
Gangtok,March,1966-2000,35,18.3,8.7,122.2
Gangtok,April,1966-2000,35,21,11.5,270.9
Gangtok,May,1966-2000,35,21.7,13.6,527.7
Gangtok,June,1966-2000,35,22.2,16,611.3
Gangtok,July,1966-2000,35,22,16.6,628.6
Gangtok,August,1966-2000,35,22.4,16.5,563.2
Gangtok,September,1966-2000,35,21.8,15.5,463.4
Gangtok,October,1966-2000,35,20.9,12.3,177.9
Gangtok,November,1966-2000,35,17.8,8.7,41.7
Gangtok,December,1966-2000,35,14.4,5.6,21.1
Gaya,January,1901-1999,98,23.8,10,20.1
Gaya,February,1901-1999,98,26.9,12.6,19
Gaya,March,1901-1999,98,33.4,17.7,11.7
Gaya,April,1901-1999,98,38.8,23.3,7.5
Gaya,May,1901-1999,98,40.8,26.7,21.3
Gaya,June,1901-1999,98,38.1,27.6,137.3
Gaya,July,1901-1999,98,33.4,26.1,313.9
Gaya,August,1901-1999,98,32.4,25.7,327.6
Gaya,September,1901-1999,98,32.6,25.3,205.7
Gaya,October,1901-1999,98,31.9,21.6,52.6
Gaya,November,1901-1999,98,28.7,14.8,10
Gaya,December,1901-1999,98,24.8,10.3,3.6
Gopalpur,January,1901-2000,98,27.2,16.9,11
Gopalpur,February,1901-2000,98,28.9,19.5,23.6
Gopalpur,March,1901-2000,98,30.7,22.6,18.1
Gopalpur,April,1901-2000,98,31.2,25,20.3
Gopalpur,May,1901-2000,98,32.4,26.7,53.8
Gopalpur,June,1901-2000,98,32.3,26.8,138.1
Gopalpur,July,1901-2000,98,31,26.1,174.6
Gopalpur,August,1901-2000,98,31.2,25.9,195.9
Gopalpur,September,1901-2000,98,31.7,25.7,192
Gopalpur,October,1901-2000,98,31.4,23.8,237.8
Gopalpur,November,1901-2000,98,29.5,19.7,95.3
Gopalpur,December,1901-2000,98,27.4,16.4,11.4
Gorakhpur,January,1901-2000,96,22.9,9.2,14.2
Gorakhpur,February,1901-2000,96,25.9,11.4,15.2
Gorakhpur,March,1901-2000,96,32.4,16.4,9.4
Gorakhpur,April,1901-2000,96,37.4,21.8,11.7
Gorakhpur,May,1901-2000,96,38.7,25,36.1
Gorakhpur,June,1901-2000,96,36.7,26.3,166.7
Gorakhpur,July,1901-2000,96,32.9,26,342.7
Gorakhpur,August,1901-2000,96,32.4,25.7,339.1
Gorakhpur,September,1901-2000,96,32.6,24.9,232.3
Gorakhpur,October,1901-2000,96,32.4,20.9,60.4
Gorakhpur,November,1901-2000,96,28.8,14.4,4.9
Gorakhpur,December,1901-2000,96,24.4,10.1,6.2
Gulbarga,January,1901-2000,98,30.7,16,5
Gulbarga,February,1901-2000,98,33.6,18.3,5.6
Gulbarga,March,1901-2000,98,37.3,21.8,7.9
Gulbarga,April,1901-2000,98,39.6,25,18.6
Gulbarga,May,1901-2000,98,40.3,26,35.5
Gulbarga,June,1901-2000,98,35.3,23.7,107.3
Gulbarga,July,1901-2000,98,31.8,22.5,136.8
Gulbarga,August,1901-2000,98,31.3,22.2,140.1
Gulbarga,September,1901-2000,98,31.5,22.1,190.1
Gulbarga,October,1901-2000,98,32.3,20.9,80.7
Gulbarga,November,1901-2000,98,30.8,17.8,26.8
Gulbarga,December,1901-2000,98,29.7,15.2,5.1
Guwahati (Bhorjar),January,1951-2000,50,23.6,10.2,11.8
Guwahati (Bhorjar),February,1951-2000,50,26.2,11.9,17.2
Guwahati (Bhorjar),March,1951-2000,50,29.9,15.8,55.1
Guwahati (Bhorjar),April,1951-2000,50,31.2,20,147
Guwahati (Bhorjar),May,1951-2000,50,31.1,22.6,248.9
Guwahati (Bhorjar),June,1951-2000,50,31.7,24.8,316.8
Guwahati (Bhorjar),July,1951-2000,50,31.8,25.5,351.2
Guwahati (Bhorjar),August,1951-2000,50,32.1,25.5,269.4
Guwahati (Bhorjar),September,1951-2000,50,31.6,24.6,187
Guwahati (Bhorjar),October,1951-2000,50,30.2,21.9,90.9
Guwahati (Bhorjar),November,1951-2000,50,27.6,16.7,18.5
Guwahati (Bhorjar),December,1951-2000,50,24.6,11.7,7.3
Gwalior,January,1951-2000,50,22.8,7,14.4
Gwalior,February,1951-2000,50,26.4,9.8,10
Gwalior,March,1951-2000,50,32.5,15.4,6.5
Gwalior,April,1951-2000,50,38.6,21.5,4.5
Gwalior,May,1951-2000,50,42,26.8,11.2
Gwalior,June,1951-2000,50,40.7,29,67.5
Gwalior,July,1951-2000,50,34.6,26.4,248.8
Gwalior,August,1951-2000,50,32.4,25.2,274.4
Gwalior,September,1951-2000,50,33.1,23.9,151.2
Gwalior,October,1951-2000,50,33.5,18.3,40.7
Gwalior,November,1951-2000,50,29.4,11.6,5.8
Gwalior,December,1951-2000,50,24.6,7.3,7
Hassan,January,1901-2000,100,27.9,14.1,2.6
Hassan,February,1901-2000,100,30.3,15.5,5
Hassan,March,1901-2000,100,32.7,17.7,11.5
Hassan,April,1901-2000,100,33.3,19.5,56.7
Hassan,May,1901-2000,100,31.4,19.7,104.9
Hassan,June,1901-2000,100,26.8,19,88.7
Hassan,July,1901-2000,100,24.9,18.6,147.9
Hassan,August,1901-2000,100,25.4,18.5,94.2
Hassan,September,1901-2000,100,26.9,18.2,106.5
Hassan,October,1901-2000,100,27.5,18.2,156.1
Hassan,November,1901-2000,100,26.9,16.5,64.1
Hassan,December,1901-2000,100,26.7,14.5,14.6
Hissar,January,1914-2000,87,21.3,5.8,14.8
Hissar,February,1914-2000,87,24.5,8.5,15.2
Hissar,March,1914-2000,87,30.5,13.8,14
Hissar,April,1914-2000,87,36.9,19.6,8.9
Hissar,May,1914-2000,87,41,24.7,17.3
Hissar,June,1914-2000,87,41.2,27.8,39.7
Hissar,July,1914-2000,87,37.2,27.3,133.1
Hissar,August,1914-2000,87,35.6,26.2,130.6
Hissar,September,1914-2000,87,35.7,23.9,74.5
Hissar,October,1914-2000,87,34.4,17.8,29.2
Hissar,November,1914-2000,87,29.2,10.9,3.2
Hissar,December,1914-2000,87,23.5,6.5,10.2
Hyderabad (A),January,1951-2000,50,28.8,15.2,13.2
Hyderabad (A),February,1951-2000,50,31.9,17.6,7.9
Hyderabad (A),March,1951-2000,50,35.4,20.8,15.3
Hyderabad (A),April,1951-2000,50,37.9,24.3,20.2
Hyderabad (A),May,1951-2000,50,39,26.2,35.7
Hyderabad (A),June,1951-2000,50,34.5,24,103.8
Hyderabad (A),July,1951-2000,50,30.8,22.6,169.9
Hyderabad (A),August,1951-2000,50,29.8,22.1,178.7
Hyderabad (A),September,1951-2000,50,30.5,22,158.3
Hyderabad (A),October,1951-2000,50,30.6,20.3,97.2
Hyderabad (A),November,1951-2000,50,29,16.9,22.4
Hyderabad (A),December,1951-2000,50,28,14.5,5.9
Imphal/Tulihal,January,1953-1998,45,21.5,4,12.2
Imphal/Tulihal,February,1953-1998,45,23.3,6.9,37.5
Imphal/Tulihal,March,1953-1998,45,26.8,11.2,84.5
Imphal/Tulihal,April,1953-1998,45,28.6,15.4,120.1
Imphal/Tulihal,May,1953-1998,45,29,18.3,154.2
Imphal/Tulihal,June,1953-1998,45,29.1,20.9,262.1
Imphal/Tulihal,July,1953-1998,45,28.9,21.5,407.3
Imphal/Tulihal,August,1953-1998,45,29,21.3,198.7
Imphal/Tulihal,September,1953-1998,45,29,20.2,131.5
Imphal/Tulihal,October,1953-1998,45,28.1,16.7,112.1
Imphal/Tulihal,November,1953-1998,45,25.2,10.5,48.1
Imphal/Tulihal,December,1953-1998,45,22.2,5.1,14
Indore,January,1949-2000,52,26.5,9.9,7.7
Indore,February,1949-2000,52,29.3,11.5,2.5
Indore,March,1949-2000,52,34.2,16.2,2.4
Indore,April,1949-2000,52,38.4,21,2.4
Indore,May,1949-2000,52,40.2,24.5,10.6
Indore,June,1949-2000,52,36.3,24.3,131.9
Indore,July,1949-2000,52,30.3,22.7,283.7
Indore,August,1949-2000,52,28.5,22,276.9
Indore,September,1949-2000,52,30.3,21,183.1
Indore,October,1949-2000,52,32.2,18,40.1
Indore,November,1949-2000,52,29.6,13.6,13.3
Indore,December,1949-2000,52,27.1,10.5,6.3
Jabalpur,January,1901-2000,100,25.5,9.8,22.2
Jabalpur,February,1901-2000,100,28.2,11.9,23.4
Jabalpur,March,1901-2000,100,33.6,16.1,15.5
Jabalpur,April,1901-2000,100,38.4,21.4,7.7
Jabalpur,May,1901-2000,100,41.3,26,12.9
Jabalpur,June,1901-2000,100,37.5,26.4,167.3
Jabalpur,July,1901-2000,100,30.7,24.1,421.9
Jabalpur,August,1901-2000,100,29.5,23.6,422.9
Jabalpur,September,1901-2000,100,30.9,23.1,200.1
Jabalpur,October,1901-2000,100,31.6,18.8,39.9
Jabalpur,November,1901-2000,100,28.7,12.7,15
Jabalpur,December,1901-2000,100,25.9,9.3,9.9
Jagdalpur,January,1909-2000,92,28.2,11.6,9.1
Jagdalpur,February,1909-2000,92,30.9,14.3,15.6
Jagdalpur,March,1909-2000,92,34.9,18.5,16
Jagdalpur,April,1909-2000,92,37.2,22.2,51.1
Jagdalpur,May,1909-2000,92,38.1,24.2,73.2
Jagdalpur,June,1909-2000,92,33.4,23.8,239.6
Jagdalpur,July,1909-2000,92,28.6,22.3,369.4
Jagdalpur,August,1909-2000,92,28.4,22.2,377.5
Jagdalpur,September,1909-2000,92,29.6,22,236.9
Jagdalpur,October,1909-2000,92,29.9,19.6,101.1
Jagdalpur,November,1909-2000,92,28.2,14.9,24.3
Jagdalpur,December,1909-2000,92,27.2,11.1,7.7
Jaipur (Sanganer),January,1952-2000,49,22.4,8.2,7.5
Jaipur (Sanganer),February,1952-2000,49,25.4,10.9,10.2
Jaipur (Sanganer),March,1952-2000,49,31.3,16,4.5
Jaipur (Sanganer),April,1952-2000,49,37,21.6,8.3
Jaipur (Sanganer),May,1952-2000,49,40.3,25.7,16.7
Jaipur (Sanganer),June,1952-2000,49,39.5,27.5,54.7
Jaipur (Sanganer),July,1952-2000,49,34.2,25.8,214
Jaipur (Sanganer),August,1952-2000,49,32.3,24.5,213.6
Jaipur (Sanganer),September,1952-2000,49,33.5,23.2,69.4
Jaipur (Sanganer),October,1952-2000,49,33.5,19,23.3
Jaipur (Sanganer),November,1952-2000,49,29.1,13.4,4.2
Jaipur (Sanganer),December,1952-2000,49,24.4,9.2,3
Jaisalmer,January,1948-2000,43,23.7,7.6,1.5
Jaisalmer,February,1948-2000,43,27.1,10.5,3
Jaisalmer,March,1948-2000,43,32.6,16.4,2.7
Jaisalmer,April,1948-2000,43,38.2,21.9,21
Jaisalmer,May,1948-2000,43,41.6,25.6,8.9
Jaisalmer,June,1948-2000,43,40.8,27,15.1
Jaisalmer,July,1948-2000,43,37.7,26.5,60.1
Jaisalmer,August,1948-2000,43,36,25.4,75.8
Jaisalmer,September,1948-2000,43,36.4,24.2,17.6
Jaisalmer,October,1948-2000,43,36.1,20.2,2.4
Jaisalmer,November,1948-2000,43,31,13.4,1.5
Jaisalmer,December,1948-2000,43,25.5,8.5,2.4
Jammu,January,1925-2000,62,18.6,7.8,60.7
Jammu,February,1925-2000,62,21.3,10.1,62.8
Jammu,March,1925-2000,62,26.1,14.2,59.9
Jammu,April,1925-2000,62,32.6,19.7,35.7
Jammu,May,1925-2000,62,38.1,24.7,25.6
Jammu,June,1925-2000,62,39.8,26.9,72.7
Jammu,July,1925-2000,62,35.1,25.2,349.6
Jammu,August,1925-2000,62,33.3,24.7,319.1
Jammu,September,1925-2000,62,33.3,23.3,139.8
Jammu,October,1925-2000,62,31.4,18.8,23.8
Jammu,November,1925-2000,62,26.5,13.1,10.3
Jammu,December,1925-2000,62,20.9,9,33
Jamshedpur,January,1951-1999,43,26.2,11.7,14
Jamshedpur,February,1951-1999,43,29.3,14.5,25.7
Jamshedpur,March,1951-1999,43,34.4,18.6,26.1
Jamshedpur,April,1951-1999,43,38.9,23.7,37.5
Jamshedpur,May,1951-1999,43,39.6,26.2,57.2
Jamshedpur,June,1951-1999,43,36.2,26.2,205.3
Jamshedpur,July,1951-1999,43,32.3,25.1,292.5
Jamshedpur,August,1951-1999,43,31.8,25.2,306.5
Jamshedpur,September,1951-1999,43,32.1,24.6,208.8
Jamshedpur,October,1951-1999,43,31.5,21.7,82.2
Jamshedpur,November,1951-1999,43,29,16.1,10.1
Jamshedpur,December,1951-1999,43,26.2,11.7,6.1
Jharsuguda,January,1951-2000,47,27.6,12.2,16.1
Jharsuguda,February,1951-2000,47,30.7,15,19.7
Jharsuguda,March,1951-2000,47,35.5,19.2,18
Jharsuguda,April,1951-2000,47,40,24.1,18
Jharsuguda,May,1951-2000,47,41.4,26.9,36.1
Jharsuguda,June,1951-2000,47,36.9,26.3,211.8
Jharsuguda,July,1951-2000,47,31.5,24.7,377.3
Jharsuguda,August,1951-2000,47,31.1,24.6,405.5
Jharsuguda,September,1951-2000,47,31.9,24.3,278.4
Jharsuguda,October,1951-2000,47,32,21.5,61.7
Jharsuguda,November,1951-2000,47,30,16.2,10.4
Jharsuguda,December,1951-2000,47,27.6,12.1,7.9
Jodhpur,January,1901-2000,100,25,9.6,10.2
Jodhpur,February,1901-2000,100,27.8,11.8,4.8
Jodhpur,March,1901-2000,100,33.4,17.2,3.9
Jodhpur,April,1901-2000,100,38.4,22.7,5.1
Jodhpur,May,1901-2000,100,41.4,26.8,66.1
Jodhpur,June,1901-2000,100,40.1,28.2,35.1
Jodhpur,July,1901-2000,100,36,26.8,120.8
Jodhpur,August,1901-2000,100,33.7,25.3,128.9
Jodhpur,September,1901-2000,100,35,24.1,57.6
Jodhpur,October,1901-2000,100,36,19.9,8.1
Jodhpur,November,1901-2000,100,31.5,14.5,2.6
Jodhpur,December,1901-2000,100,26.8,10.8,1.6
Joshimath,January,1958-1987,29,11.4,2.1,65.3
Joshimath,February,1958-1987,29,12.4,3.2,98
Joshimath,March,1958-1987,29,17.6,6.6,114.3
Joshimath,April,1958-1987,29,21.8,10.8,64
Joshimath,May,1958-1987,29,24.6,13.9,71.3
Joshimath,June,1958-1987,29,25.9,16.6,132.3
Joshimath,July,1958-1987,29,24.1,16.9,247.4
Joshimath,August,1958-1987,29,23.6,16.9,222.4
Joshimath,September,1958-1987,29,22.9,14.8,104.8
Joshimath,October,1958-1987,29,20.6,10.5,45.1
Joshimath,November,1958-1987,29,16.8,6.2,15.4
Joshimath,December,1958-1987,29,13.6,3.8,25
Jullundur,January,1970-1999,14,19.4,6.2,10.7
Jullundur,February,1970-1999,14,21.6,8.6,16.7
Jullundur,March,1970-1999,14,26,13.2,32.8
Jullundur,April,1970-1999,14,34.5,19,15.2
Jullundur,May,1970-1999,14,39.4,23.8,20.4
Jullundur,June,1970-1999,14,38.2,25.6,69.7
Jullundur,July,1970-1999,14,34.1,24.7,155.2
Jullundur,August,1970-1999,14,33.1,25.8,183.6
Jullundur,September,1970-1999,14,32.6,21.8,60
Jullundur,October,1970-1999,14,31.5,18.3,1.5
Jullundur,November,1970-1999,14,27.2,12.1,3.5
Jullundur,December,1970-1999,14,22.3,7.2,9.7
Kanpur (A),January,1901-1995,84,23,8.5,15.4
Kanpur (A),February,1901-1995,84,26,11,16.4
Kanpur (A),March,1901-1995,84,32.3,16.2,7.9
Kanpur (A),April,1901-1995,84,38.2,21.9,5.3
Kanpur (A),May,1901-1995,84,41.3,26.4,8.4
Kanpur (A),June,1901-1995,84,39.9,28.5,66.3
Kanpur (A),July,1901-1995,84,34.2,26.7,244.6
Kanpur (A),August,1901-1995,84,32.5,25.9,273.2
Kanpur (A),September,1901-1995,84,33.1,24.9,161.7
Kanpur (A),October,1901-1995,84,33,19.6,40
Kanpur (A),November,1901-1995,84,28.9,12.7,4.6
Kanpur (A),December,1901-1995,84,24.2,8.8,7.1
Kanyakumari,January,1961-2000,40,30.8,23.4,13.4
Kanyakumari,February,1961-2000,40,31.6,23.8,13.5
Kanyakumari,March,1961-2000,40,32.1,25,23.3
Kanyakumari,April,1961-2000,40,32.7,26.1,64.5
Kanyakumari,May,1961-2000,40,32.5,26.2,51.2
Kanyakumari,June,1961-2000,40,30.5,24.5,87.8
Kanyakumari,July,1961-2000,40,30.3,24,47
Kanyakumari,August,1961-2000,40,30.4,23.9,41.4
Kanyakumari,September,1961-2000,40,30.6,24.3,38.9
Kanyakumari,October,1961-2000,40,30.5,24.3,127.5
Kanyakumari,November,1961-2000,40,30.2,24,165.3
Kanyakumari,December,1961-2000,40,30.2,23.7,61.1
Karnal,January,1949-1999,50,19.9,7.1,26.9
Karnal,February,1949-1999,50,22.7,9.2,17.5
Karnal,March,1949-1999,50,28.1,13.5,18.6
Karnal,April,1949-1999,50,35.2,19.2,6.7
Karnal,May,1949-1999,50,38.9,23.6,9.8
Karnal,June,1949-1999,50,38.8,26,50.7
Karnal,July,1949-1999,50,34.2,25.4,194.8
Karnal,August,1949-1999,50,32.8,24.9,221.5
Karnal,September,1949-1999,50,32.9,23.2,93.3
Karnal,October,1949-1999,50,31.7,17.7,21.7
Karnal,November,1949-1999,50,27.2,11.9,4.7
Karnal,December,1949-1999,50,22.1,8,9.7
Khajuraho,January,1970-2000,30,24.3,8.4,20.8
Khajuraho,February,1970-2000,30,27.6,10.6,28.2
Khajuraho,March,1970-2000,30,33.8,15.5,8.3
Khajuraho,April,1970-2000,30,39.8,21.9,5.4
Khajuraho,May,1970-2000,30,42.7,27,9.4
Khajuraho,June,1970-2000,30,40.1,28.4,100
Khajuraho,July,1970-2000,30,33.8,26.1,322.8
Khajuraho,August,1970-2000,30,32.1,25.2,401.2
Khajuraho,September,1970-2000,30,32.9,24,187.8
Khajuraho,October,1970-2000,30,33.7,19.1,37.3
Khajuraho,November,1970-2000,30,29.9,13.1,8.5
Khajuraho,December,1970-2000,30,25.7,9,4.8
Kodaikanal,January,1901-2000,100,17.5,8.1,59.1
Kodaikanal,February,1901-2000,100,18.6,8.5,34.6
Kodaikanal,March,1901-2000,100,20.1,10.1,52.6
Kodaikanal,April,1901-2000,100,20.6,11.7,136
Kodaikanal,May,1901-2000,100,20.9,12.6,146.1
Kodaikanal,June,1901-2000,100,18.9,12,97.7
Kodaikanal,July,1901-2000,100,17.7,11.4,122.1
Kodaikanal,August,1901-2000,100,17.9,11.3,153.1
Kodaikanal,September,1901-2000,100,18.1,11.2,185.6
Kodaikanal,October,1901-2000,100,17.4,10.7,253.9
Kodaikanal,November,1901-2000,100,16.4,9.7,235
Kodaikanal,December,1901-2000,100,16.7,8.7,141.4
Kohima,January,1952-1992,33,16.6,8.1,11.7
Kohima,February,1952-1992,33,17.9,9.3,35.4
Kohima,March,1952-1992,33,22.1,12.7,47.6
Kohima,April,1952-1992,33,24.1,15.6,88.7
Kohima,May,1952-1992,33,24.4,16.9,159.2
Kohima,June,1952-1992,33,24.9,18.1,333.8
Kohima,July,1952-1992,33,25,18.8,371.8
Kohima,August,1952-1992,33,25.4,18.9,364
Kohima,September,1952-1992,33,25,18.1,250.1
Kohima,October,1952-1992,33,23.4,16.6,126
Kohima,November,1952-1992,33,20.6,13.1,35.2
Kohima,December,1952-1992,33,17.7,9.4,7.8
Kolkata (Alipur),January,1901-2000,100,26,13.7,13.3
Kolkata (Alipur),February,1901-2000,100,29,16.6,25.6
Kolkata (Alipur),March,1901-2000,100,33.7,21.4,33.3
Kolkata (Alipur),April,1901-2000,100,35.7,24.9,51.2
Kolkata (Alipur),May,1901-2000,100,35.5,26.1,126.2
Kolkata (Alipur),June,1901-2000,100,33.7,26.5,282.4
Kolkata (Alipur),July,1901-2000,100,32,26.2,339.8
Kolkata (Alipur),August,1901-2000,100,31.8,26.1,333.2
Kolkata (Alipur),September,1901-2000,100,32,25.9,277.2
Kolkata (Alipur),October,1901-2000,100,31.7,23.9,138.9
Kolkata (Alipur),November,1901-2000,100,29.3,18.8,23.9
Kolkata (Alipur),December,1901-2000,100,26.4,14.2,6.4
Kota (A),January,1961-2000,40,23.7,10.9,5.4
Kota (A),February,1961-2000,40,26.9,13.7,4.4
Kota (A),March,1961-2000,40,32.9,19.1,4
Kota (A),April,1961-2000,40,38.8,25,3.2
Kota (A),May,1961-2000,40,42.1,29.3,10.3
Kota (A),June,1961-2000,40,40,29.2,62.9
Kota (A),July,1961-2000,40,34.2,26.5,257
Kota (A),August,1961-2000,40,32,25.4,245.8
Kota (A),September,1961-2000,40,33.7,25,98.5
Kota (A),October,1961-2000,40,34.3,21.8,19.6
Kota (A),November,1961-2000,40,29.9,16.3,7.8
Kota (A),December,1961-2000,40,25.3,11.9,3.5
Kozhikode (A),January,1996-2000,5,33,22.3,7.4
Kozhikode (A),February,1996-2000,5,33.5,23.1,3.3
Kozhikode (A),March,1996-2000,5,34.5,24.9,23.4
Kozhikode (A),April,1996-2000,5,34.2,25.5,73.8
Kozhikode (A),May,1996-2000,5,33.1,25.3,189.7
Kozhikode (A),June,1996-2000,5,29.8,23.6,736.4
Kozhikode (A),July,1996-2000,5,28.8,23.1,789.3
Kozhikode (A),August,1996-2000,5,29.1,23.4,395.5
Kozhikode (A),September,1996-2000,5,30.4,23.7,237.4
Kozhikode (A),October,1996-2000,5,30.8,23.5,400.9
Kozhikode (A),November,1996-2000,5,31.9,23.4,158.5
Kozhikode (A),December,1996-2000,5,32.2,22.5,119.9
Lucknow (Amausi),January,1952-2000,49,22.5,7.3,19.1
Lucknow (Amausi),February,1952-2000,49,25.9,9.7,17.6
Lucknow (Amausi),March,1952-2000,49,32.1,14.5,8.7
Lucknow (Amausi),April,1952-2000,49,38,20.4,5.8
Lucknow (Amausi),May,1952-2000,49,40.3,24.7,18.8
Lucknow (Amausi),June,1952-2000,49,38.6,27,103.2
Lucknow (Amausi),July,1952-2000,49,33.8,26.1,277.4
Lucknow (Amausi),August,1952-2000,49,32.9,25.6,284
Lucknow (Amausi),September,1952-2000,49,33,24.3,201.4
Lucknow (Amausi),October,1952-2000,49,32.6,19,49
Lucknow (Amausi),November,1952-2000,49,29,12.3,8
Lucknow (Amausi),December,1952-2000,49,24.3,8,16.4
Ludhiana,January,1901-1984,84,19.7,6.2,30.6
Ludhiana,February,1901-1984,84,22.4,8.4,34.1
Ludhiana,March,1901-1984,84,28.3,13.1,28.7
Ludhiana,April,1901-1984,84,35.2,18.8,14.9
Ludhiana,May,1901-1984,84,40.2,23.9,14.7
Ludhiana,June,1901-1984,84,40.7,27.1,52
Ludhiana,July,1901-1984,84,35.9,26.7,200.2
Ludhiana,August,1901-1984,84,34.4,25.9,174.3
Ludhiana,September,1901-1984,84,34.7,23.7,108.4
Ludhiana,October,1901-1984,84,33.3,17.6,19.8
Ludhiana,November,1901-1984,84,27.7,10.6,5.4
Ludhiana,December,1901-1984,84,21.9,6.6,15.6
Madurai (A),January,1958-2000,43,30.5,20.1,16.1
Madurai (A),February,1958-2000,43,32.9,21,8.6
Madurai (A),March,1958-2000,43,35.6,22.9,12.3
Madurai (A),April,1958-2000,43,37,25.2,47.8
Madurai (A),May,1958-2000,43,37.6,26,68.8
Madurai (A),June,1958-2000,43,36.7,25.9,42.9
Madurai (A),July,1958-2000,43,35.8,25.6,59.1
Madurai (A),August,1958-2000,43,35.6,25.2,84.9
Madurai (A),September,1958-2000,43,34.8,24.4,124.5
Madurai (A),October,1958-2000,43,32.6,23.5,172.5
Madurai (A),November,1958-2000,43,30.4,22.5,146.6
Madurai (A),December,1958-2000,43,29.6,21.1,58.5
Mahabaleshwar,January,1932-2000,69,25.1,13.5,1.7
Mahabaleshwar,February,1932-2000,69,27,14.5,1
Mahabaleshwar,March,1932-2000,69,29.7,17.2,6.1
Mahabaleshwar,April,1932-2000,69,30.9,18.7,24.6
Mahabaleshwar,May,1932-2000,69,29.4,18.1,58.4
Mahabaleshwar,June,1932-2000,69,22.4,17,874.4
Mahabaleshwar,July,1932-2000,69,19.4,16.6,2344.7
Mahabaleshwar,August,1932-2000,69,19.2,16.4,1711.4
Mahabaleshwar,September,1932-2000,69,21,15.9,601.9
Mahabaleshwar,October,1932-2000,69,24.8,16.1,150.8
Mahabaleshwar,November,1932-2000,69,24.7,14.8,41
Mahabaleshwar,December,1932-2000,69,24.3,13.7,11.2
Malda,January,1901-1999,78,24.3,11.3,11.9
Malda,February,1901-1999,78,27.3,13.4,16.1
Malda,March,1901-1999,78,32.8,17.7,15.1
Malda,April,1901-1999,78,36.3,22.2,29.6
Malda,May,1901-1999,78,35.7,24.4,109.6
Malda,June,1901-1999,78,33.8,25.8,218.9
Malda,July,1901-1999,78,32.2,26,307.5
Malda,August,1901-1999,78,32,26.1,289.4
Malda,September,1901-1999,78,32.1,25.8,275.9
Malda,October,1901-1999,78,31.3,22.9,105.6
Malda,November,1901-1999,78,28.7,17.3,12.1
Malda,December,1901-1999,78,25.4,12.6,4.4
Manali,January,1968-2000,32,10.6,-1.7,128.9
Manali,February,1968-2000,32,11.7,-0.7,124.3
Manali,March,1968-2000,32,16.1,2.4,189.6
Manali,April,1968-2000,32,21.9,5.9,103.7
Manali,May,1968-2000,32,24.9,8.6,82.5
Manali,June,1968-2000,32,27.2,12.4,74.3
Manali,July,1968-2000,32,25.9,15.3,217.5
Manali,August,1968-2000,32,25.4,14.9,205.4
Manali,September,1968-2000,32,25,11.2,111.9
Manali,October,1968-2000,32,22.4,5.4,37.9
Manali,November,1968-2000,32,18.4,1.5,31.7
Manali,December,1968-2000,32,13.8,-0.4,56.1
Mangalore (Bajpe),January,1956-2000,45,32.8,20.8,1.1
Mangalore (Bajpe),February,1956-2000,45,33,21.8,0.2
Mangalore (Bajpe),March,1956-2000,45,33.5,23.6,2.9
Mangalore (Bajpe),April,1956-2000,45,34,25,24.4
Mangalore (Bajpe),May,1956-2000,45,33.3,25.1,183.2
Mangalore (Bajpe),June,1956-2000,45,29.7,23.4,1027.2
Mangalore (Bajpe),July,1956-2000,45,28.2,22.9,1200.4
Mangalore (Bajpe),August,1956-2000,45,28.4,23,787.3
Mangalore (Bajpe),September,1956-2000,45,29.5,23.1,292.1
Mangalore (Bajpe),October,1956-2000,45,30.9,23.1,190.8
Mangalore (Bajpe),November,1956-2000,45,32.3,22.4,70.9
Mangalore (Bajpe),December,1956-2000,45,32.8,21.2,16.4
Masulipatnam,January,1901-2000,100,28.2,19.3,5.3
Masulipatnam,February,1901-2000,100,30,20.7,12.3
Masulipatnam,March,1901-2000,100,32.3,22.6,10.2
Masulipatnam,April,1901-2000,100,34.3,25.6,14.4
Masulipatnam,May,1901-2000,100,37,27.6,36.8
Masulipatnam,June,1901-2000,100,36.6,27.2,103.4
Masulipatnam,July,1901-2000,100,33.2,25.6,186.1
Masulipatnam,August,1901-2000,100,32.6,25.6,164.1
Masulipatnam,September,1901-2000,100,32.3,25.5,168.1
Masulipatnam,October,1901-2000,100,31.2,24.4,223.4
Masulipatnam,November,1901-2000,100,29.5,21.9,126.8
Masulipatnam,December,1901-2000,100,28.2,19.5,19.9
Minicoy,January,1901-2000,99,30.2,23.3,37.2
Minicoy,February,1901-2000,99,30.5,23.8,23.9
Minicoy,March,1901-2000,99,31.4,24.8,20.9
Minicoy,April,1901-2000,99,32.1,26.1,57.2
Minicoy,May,1901-2000,99,31.8,26.2,184.3
Minicoy,June,1901-2000,99,30.5,25.3,298.6
Minicoy,July,1901-2000,99,30.1,25,245.2
Minicoy,August,1901-2000,99,30,24.9,212
Minicoy,September,1901-2000,99,30,24.9,162.4
Minicoy,October,1901-2000,99,30.2,24.6,176.7
Minicoy,November,1901-2000,99,30.3,24.1,143.4
Minicoy,December,1901-2000,99,30.3,23.7,83.4
Mukteswar (Kumaun),January,1901-2000,100,10.5,1.6,54.5
Mukteswar (Kumaun),February,1901-2000,100,11.5,2.3,56.5
Mukteswar (Kumaun),March,1901-2000,100,15.9,5.8,49.7
Mukteswar (Kumaun),April,1901-2000,100,20.7,10.1,35.3
Mukteswar (Kumaun),May,1901-2000,100,23.4,12.9,58.3
Mukteswar (Kumaun),June,1901-2000,100,23.3,14.2,157.2
Mukteswar (Kumaun),July,1901-2000,100,20.9,14.2,307.4
Mukteswar (Kumaun),August,1901-2000,100,20.2,13.9,299.4
Mukteswar (Kumaun),September,1901-2000,100,20.1,12.5,202.3
Mukteswar (Kumaun),October,1901-2000,100,18.9,9.5,60.9
Mukteswar (Kumaun),November,1901-2000,100,15.8,5.9,8.8
Mukteswar (Kumaun),December,1901-2000,100,12.8,3.4,23.1
Mumbai (Santa Cruz),January,1951-2000,50,30.7,16.7,15.1
Mumbai (Santa Cruz),February,1951-2000,50,31.2,17.7,1
Mumbai (Santa Cruz),March,1951-2000,50,32.7,20.8,0.1
Mumbai (Santa Cruz),April,1951-2000,50,33,23.8,0.5
Mumbai (Santa Cruz),May,1951-2000,50,33.3,26.4,20.6
Mumbai (Santa Cruz),June,1951-2000,50,32.1,26.2,504.2
Mumbai (Santa Cruz),July,1951-2000,50,30,25.1,819.4
Mumbai (Santa Cruz),August,1951-2000,50,29.6,24.8,546.8
Mumbai (Santa Cruz),September,1951-2000,50,30.3,24.3,325.2
Mumbai (Santa Cruz),October,1951-2000,50,33.1,23.4,81.1
Mumbai (Santa Cruz),November,1951-2000,50,33.5,20.8,113.2
Mumbai (Santa Cruz),December,1951-2000,50,32.1,18.3,4.1
Mysore,January,1901-2000,100,28.6,16.2,4.8
Mysore,February,1901-2000,100,31.1,17.9,5.1
Mysore,March,1901-2000,100,33.6,19.9,11.6
Mysore,April,1901-2000,100,34.3,21.2,62.4
Mysore,May,1901-2000,100,32.9,21,145.7
Mysore,June,1901-2000,100,29.2,20.1,67.3
Mysore,July,1901-2000,100,27.7,19.6,74.3
Mysore,August,1901-2000,100,28,19.5,78.6
Mysore,September,1901-2000,100,28.9,19.3,117.6
Mysore,October,1901-2000,100,28.8,19.5,158.7
Mysore,November,1901-2000,100,27.9,18.2,63.8
Mysore,December,1901-2000,100,27.5,16.5,14.3
Nagpur (Sonegaon),January,1901-2000,100,28.7,13.1,12.5
Nagpur (Sonegaon),February,1901-2000,100,31.4,15.1,20.7
Nagpur (Sonegaon),March,1901-2000,100,36.1,19.2,17.6
Nagpur (Sonegaon),April,1901-2000,100,40.1,24,14.3
Nagpur (Sonegaon),May,1901-2000,100,42.5,28,19.2
Nagpur (Sonegaon),June,1901-2000,100,37.7,26.4,190.1
Nagpur (Sonegaon),July,1901-2000,100,31.2,24,341.7
Nagpur (Sonegaon),August,1901-2000,100,30.5,23.6,280.5
Nagpur (Sonegaon),September,1901-2000,100,31.7,23.1,183.1
Nagpur (Sonegaon),October,1901-2000,100,32.6,20,56.8
Nagpur (Sonegaon),November,1901-2000,100,30.2,15.3,16.6
Nagpur (Sonegaon),December,1901-2000,100,28.1,12.1,13.2
Nainital,January,1953-1979,27,10.7,1.7,80.3
Nainital,February,1953-1979,27,12.3,3.5,60.4
Nainital,March,1953-1979,27,16.3,7.5,55.7
Nainital,April,1953-1979,27,20.8,11.9,33.7
Nainital,May,1953-1979,27,23.5,14.6,73.8
Nainital,June,1953-1979,27,23.5,16.4,327.5
Nainital,July,1953-1979,27,21.6,16.5,725
Nainital,August,1953-1979,27,21,16,553.4
Nainital,September,1953-1979,27,20.7,14.1,385
Nainital,October,1953-1979,27,18.7,9.7,135.4
Nainital,November,1953-1979,27,15.4,5.7,7.9
Nainital,December,1953-1979,27,12.9,3.1,27.6
Nasik,January,1949-1990,36,29.9,10.8,1.3
Nasik,February,1949-1990,36,31.8,12,0.6
Nasik,March,1949-1990,36,35.2,15.1,5.1
Nasik,April,1949-1990,36,37.2,19.4,8
Nasik,May,1949-1990,36,37.2,21.4,18.5
Nasik,June,1949-1990,36,32.5,22.4,100.8
Nasik,July,1949-1990,36,28,22.2,201.7
Nasik,August,1949-1990,36,27.3,21.3,136.7
Nasik,September,1949-1990,36,28.8,20.9,145
Nasik,October,1949-1990,36,31.7,18.5,56.9
Nasik,November,1949-1990,36,31,13.6,24.1
Nasik,December,1949-1990,36,30.1,11.6,6.6
New Delhi (Palam),January,1956-2000,45,20.8,6.7,18.9
New Delhi (Palam),February,1956-2000,45,23.9,9.1,16.6
New Delhi (Palam),March,1956-2000,45,30,14.1,10.8
New Delhi (Palam),April,1956-2000,45,36.9,20.5,30.4
New Delhi (Palam),May,1956-2000,45,40.5,25.1,29
New Delhi (Palam),June,1956-2000,45,40.3,27.6,54.3
New Delhi (Palam),July,1956-2000,45,35.4,26.4,216.8
New Delhi (Palam),August,1956-2000,45,33.7,25.6,247.6
New Delhi (Palam),September,1956-2000,45,34.2,23.8,133.8
New Delhi (Palam),October,1956-2000,45,33.3,18.8,15.4
New Delhi (Palam),November,1956-2000,45,28.3,12.7,6.6
New Delhi (Palam),December,1956-2000,45,22.7,7.8,15.2
New Delhi (SFD),January,1901-2000,100,20.8,7.8,20.9
New Delhi (SFD),February,1901-2000,100,23.7,10.3,21
New Delhi (SFD),March,1901-2000,100,29.6,15.4,14.5
New Delhi (SFD),April,1901-2000,100,36,21.5,10.7
New Delhi (SFD),May,1901-2000,100,39.8,26.2,14.1
New Delhi (SFD),June,1901-2000,100,39.4,28.3,66.3
New Delhi (SFD),July,1901-2000,100,35.2,27,198.4
New Delhi (SFD),August,1901-2000,100,33.6,26.2,206.5
New Delhi (SFD),September,1901-2000,100,34,24.7,130.3
New Delhi (SFD),October,1901-2000,100,32.9,19.4,20.8
New Delhi (SFD),November,1901-2000,100,28,12.8,3.9
New Delhi (SFD),December,1901-2000,100,22.7,8.4,8.8
Palakkad (Palghat),January,1943-2000,58,33,21.8,3.5
Palakkad (Palghat),February,1943-2000,58,35.4,22.6,6.7
Palakkad (Palghat),March,1943-2000,58,37.3,24.2,20.4
Palakkad (Palghat),April,1943-2000,58,36.5,25.1,72.9
Palakkad (Palghat),May,1943-2000,58,34,24.8,151.7
Palakkad (Palghat),June,1943-2000,58,29.7,23.2,408.2
Palakkad (Palghat),July,1943-2000,58,28.3,22.5,522.6
Palakkad (Palghat),August,1943-2000,58,28.8,22.9,317.6
Palakkad (Palghat),September,1943-2000,58,30.3,23,253.9
Palakkad (Palghat),October,1943-2000,58,31.2,23.2,215.2
Palakkad (Palghat),November,1943-2000,58,31.8,22.9,111.1
Palakkad (Palghat),December,1943-2000,58,31.9,22.2,27.6
Panjim,January,1901-2000,50,31.1,20.2,0.9
Panjim,February,1901-2000,50,31,20.8,0.1
Panjim,March,1901-2000,50,31.4,23.3,0.4
Panjim,April,1901-2000,50,32.3,25.5,10.2
Panjim,May,1901-2000,50,32.7,26.6,66.7
Panjim,June,1901-2000,50,30.1,25,874
Panjim,July,1901-2000,50,28.6,24.3,949.5
Panjim,August,1901-2000,50,28.6,24.2,515.9
Panjim,September,1901-2000,50,29.3,24.1,231
Panjim,October,1901-2000,50,31.1,24.1,102.6
Panjim,November,1901-2000,50,32.2,22.6,30.2
Panjim,December,1901-2000,50,31.8,21,8.8
Parbhani,January,1944-2000,57,30,14,6.1
Parbhani,February,1944-2000,57,33.1,16.2,4.2
Parbhani,March,1944-2000,57,37.1,20.3,11.2
Parbhani,April,1944-2000,57,40.2,24,7.9
Parbhani,May,1944-2000,57,41.7,26.4,19.1
Parbhani,June,1944-2000,57,36.6,24.6,148.4
Parbhani,July,1944-2000,57,31.8,23,237.6
Parbhani,August,1944-2000,57,30.7,22.5,214.7
Parbhani,September,1944-2000,57,31.5,22.2,183.2
Parbhani,October,1944-2000,57,32.4,20,72.2
Parbhani,November,1944-2000,57,30.5,15.9,20.5
Parbhani,December,1944-2000,57,29.1,13.4,8.6
Pasighat,January,1957-1992,35,22.8,12.3,50.9
Pasighat,February,1957-1992,35,23,13.9,99
Pasighat,March,1957-1992,35,26,16.7,131.2
Pasighat,April,1957-1992,35,27.8,18.9,258.9
Pasighat,May,1957-1992,35,29.3,21.2,385.4
Pasighat,June,1957-1992,35,30.7,23.2,804.5
Pasighat,July,1957-1992,35,30.4,23.5,1053.9
Pasighat,August,1957-1992,35,31.5,23.8,755
Pasighat,September,1957-1992,35,30.5,23,587.1
Pasighat,October,1957-1992,35,29.4,20.6,244.2
Pasighat,November,1957-1992,35,27.2,16.6,33.2
Pasighat,December,1957-1992,35,24.1,13.3,28
Patna (A),January,1951-2000,50,23,9.3,20.4
Patna (A),February,1951-2000,50,26.1,11.6,11.1
Patna (A),March,1951-2000,50,32.4,16.4,11.4
Patna (A),April,1951-2000,50,37.4,22.1,9
Patna (A),May,1951-2000,50,38.4,25.1,35.6
Patna (A),June,1951-2000,50,36.7,26.7,141
Patna (A),July,1951-2000,50,32.9,26.1,319.2
Patna (A),August,1951-2000,50,32.5,26.1,279.3
Patna (A),September,1951-2000,50,32.2,25.3,212.6
Patna (A),October,1951-2000,50,31.7,21.6,72.3
Patna (A),November,1951-2000,50,28.9,14.8,8.2
Patna (A),December,1951-2000,50,24.6,10.1,7.4
Pondicherry (A),January,1996-2000,5,29.6,20.3,14.8
Pondicherry (A),February,1996-2000,5,30.7,21.5,47.7
Pondicherry (A),March,1996-2000,5,32.2,23,0
Pondicherry (A),April,1996-2000,5,34,25.8,37.3
Pondicherry (A),May,1996-2000,5,36.8,26.9,29.7
Pondicherry (A),June,1996-2000,5,36.6,26.4,79.6
Pondicherry (A),July,1996-2000,5,35.6,26,61
Pondicherry (A),August,1996-2000,5,34.5,25.1,148.2
Pondicherry (A),September,1996-2000,5,34,24.8,149.6
Pondicherry (A),October,1996-2000,5,32,24,278.3
Pondicherry (A),November,1996-2000,5,30.4,22.9,379.5
Pondicherry (A),December,1996-2000,5,29.1,21.4,502.3
Port Blair,January,1901-2000,97,29.4,23.1,46.4
Port Blair,February,1901-2000,97,30.2,22.5,26.5
Port Blair,March,1901-2000,97,31.5,23.2,29.3
Port Blair,April,1901-2000,97,32.5,24.7,69
Port Blair,May,1901-2000,97,31.1,24.7,360.4
Port Blair,June,1901-2000,97,29.6,24.4,501.1
Port Blair,July,1901-2000,97,29.2,24.3,423.7
Port Blair,August,1901-2000,97,29.1,24.2,425.1
Port Blair,September,1901-2000,97,29.1,23.7,463
Port Blair,October,1901-2000,97,29.6,23.7,300.7
Port Blair,November,1901-2000,97,29.7,23.9,235
Port Blair,December,1901-2000,97,29.4,23.6,154.6
Pune,January,1901-2000,100,30.2,11.6,1.6
Pune,February,1901-2000,100,32.3,12.7,1.1
Pune,March,1901-2000,100,35.8,16.3,2.7
Pune,April,1901-2000,100,37.9,20.1,13.6
Pune,May,1901-2000,100,37.2,22.3,33.3
Pune,June,1901-2000,100,32,22.8,120.4
Pune,July,1901-2000,100,28.1,22,179
Pune,August,1901-2000,100,27.6,21.3,106.4
Pune,September,1901-2000,100,29.2,20.6,129.1
Pune,October,1901-2000,100,31.7,18.9,78.8
Pune,November,1901-2000,100,30.5,14.8,28.6
Pune,December,1901-2000,100,29.3,11.8,5.3
Raipur,January,1901-1998,97,27.6,13.3,11.7
Raipur,February,1901-1998,97,30.3,15.9,21
Raipur,March,1901-1998,97,35.1,20.2,19.6
Raipur,April,1901-1998,97,39.4,24.8,15.5
Raipur,May,1901-1998,97,41.9,28,22.9
Raipur,June,1901-1998,97,37.2,26.4,209.4
Raipur,July,1901-1998,97,30.6,23.9,369.1
Raipur,August,1901-1998,97,30.1,23.8,365.4
Raipur,September,1901-1998,97,31.3,23.8,216.6
Raipur,October,1901-1998,97,31.6,21.2,52.1
Raipur,November,1901-1998,97,29.3,16.1,11.4
Raipur,December,1901-1998,97,27.1,12.7,4.2
Rajkot (A),January,1905-2000,49,28.2,11.8,1
Rajkot (A),February,1905-2000,49,30.8,13.8,1
Rajkot (A),March,1905-2000,49,35.2,18,1
Rajkot (A),April,1905-2000,49,38.6,21.7,1.6
Rajkot (A),May,1905-2000,49,40.3,24.8,3.9
Rajkot (A),June,1905-2000,49,37.6,26.1,98.9
Rajkot (A),July,1905-2000,49,32.9,25.1,242.5
Rajkot (A),August,1905-2000,49,31.5,24.1,174.3
Rajkot (A),September,1905-2000,49,33.2,23.1,101
Rajkot (A),October,1905-2000,49,35.5,21.5,53.2
Rajkot (A),November,1905-2000,49,32.9,17.6,10
Rajkot (A),December,1905-2000,49,29.6,13.6,0.8
Ranchi (A),January,1951-2000,40,23,10,20.5
Ranchi (A),February,1951-2000,40,25.8,12.6,25.7
Ranchi (A),March,1951-2000,40,31.2,17,18.9
Ranchi (A),April,1951-2000,40,35.5,21.4,41.2
Ranchi (A),May,1951-2000,40,37.2,23.6,58.5
Ranchi (A),June,1951-2000,40,33.5,23.7,216.3
Ranchi (A),July,1951-2000,40,29.3,22.7,337.9
Ranchi (A),August,1951-2000,40,28.8,22.5,326.8
Ranchi (A),September,1951-2000,40,29.1,21.8,273.2
Ranchi (A),October,1951-2000,40,28.5,19,99.7
Ranchi (A),November,1951-2000,40,25.9,14,16
Ranchi (A),December,1951-2000,40,23.2,10.2,6.1
Sambalpur,January,1901-2000,95,27.6,12.6,14.2
Sambalpur,February,1901-2000,95,30.1,15.1,28
Sambalpur,March,1901-2000,95,35,19,20.9
Sambalpur,April,1901-2000,95,39.3,23.5,14.2
Sambalpur,May,1901-2000,95,41.4,27,22.7
Sambalpur,June,1901-2000,95,36.9,26.7,218.9
Sambalpur,July,1901-2000,95,31.1,24.9,459
Sambalpur,August,1901-2000,95,30.7,24.8,487.5
Sambalpur,September,1901-2000,95,31.7,24.6,243.5
Sambalpur,October,1901-2000,95,31.7,21.8,56.6
Sambalpur,November,1901-2000,95,29.4,16.2,17.6
Sambalpur,December,1901-2000,95,27.2,12.1,4.8
Shillong,January,1902-2000,99,15.3,4.4,13.7
Shillong,February,1902-2000,99,17,6.4,22.7
Shillong,March,1902-2000,99,21.3,10.6,53.7
Shillong,April,1902-2000,99,23.4,13.8,130.1
Shillong,May,1902-2000,99,23.5,15.3,273.7
Shillong,June,1902-2000,99,23.7,17.3,468.8
Shillong,July,1902-2000,99,24,18,394.5
Shillong,August,1902-2000,99,24,17.7,317.5
Shillong,September,1902-2000,99,23.4,16.5,293.8
Shillong,October,1902-2000,99,21.7,13.2,192.4
Shillong,November,1902-2000,99,19,8.7,37.3
Shillong,December,1902-2000,99,16.3,5.3,9.3
Shimla,January,1901-1992,90,8.6,1.9,57.9
Shimla,February,1901-1992,90,9.7,2.7,64.2
Shimla,March,1901-1992,90,13.9,6.5,62.1
Shimla,April,1901-1992,90,18.9,10.9,46.1
Shimla,May,1901-1992,90,22.7,14.4,62.8
Shimla,June,1901-1992,90,23.7,15.8,161.1
Shimla,July,1901-1992,90,20.9,15.3,419
Shimla,August,1901-1992,90,19.8,14.9,385.9
Shimla,September,1901-1992,90,19.6,13.5,206.5
Shimla,October,1901-1992,90,17.9,10.7,38.5
Shimla,November,1901-1992,90,14.1,7,12
Shimla,December,1901-1992,90,11.1,4.1,23.2
Silchar,January,1901-2000,89,24.9,11.7,18
Silchar,February,1901-2000,89,26.7,13.5,47.6
Silchar,March,1901-2000,89,30,17.4,152.6
Silchar,April,1901-2000,89,30.8,20.7,328.8
Silchar,May,1901-2000,89,31.1,22.8,430.5
Silchar,June,1901-2000,89,31.3,24.5,588.3
Silchar,July,1901-2000,89,31.7,25,531.3
Silchar,August,1901-2000,89,31.7,24.9,480.7
Silchar,September,1901-2000,89,31.6,24.6,383.8
Silchar,October,1901-2000,89,30.9,22.5,204.4
Silchar,November,1901-2000,89,28.9,17.7,42
Silchar,December,1901-2000,89,26.1,13,10
Solapur,January,1901-2000,100,30.8,15.8,4.7
Solapur,February,1901-2000,100,33.6,17.6,4.4
Solapur,March,1901-2000,100,37.3,21.2,5
Solapur,April,1901-2000,100,39.6,24.3,12.4
Solapur,May,1901-2000,100,40.2,25.1,27.6
Solapur,June,1901-2000,100,35,23.3,116.9
Solapur,July,1901-2000,100,31.7,22.3,129.9
Solapur,August,1901-2000,100,31.3,21.8,119.8
Solapur,September,1901-2000,100,31.7,21.6,182.4
Solapur,October,1901-2000,100,32.6,20.7,85.4
Solapur,November,1901-2000,100,31,17.6,26.4
Solapur,December,1901-2000,100,29.9,15.2,7.8
Sri Niketan,January,1961-2000,39,25,11.8,11.6
Sri Niketan,February,1961-2000,39,28.3,14.5,23.5
Sri Niketan,March,1961-2000,39,33.8,19.2,28.4
Sri Niketan,April,1961-2000,39,37.4,23.4,44.9
Sri Niketan,May,1961-2000,39,37.3,25,98.4
Sri Niketan,June,1961-2000,39,35.1,26,242.8
Sri Niketan,July,1961-2000,39,32.6,25.8,317.2
Sri Niketan,August,1961-2000,39,32.2,25.8,276.5
Sri Niketan,September,1961-2000,39,32.2,25.3,253.3
Sri Niketan,October,1961-2000,39,31.5,22.6,97.2
Sri Niketan,November,1961-2000,39,29.3,17.2,17.2
Sri Niketan,December,1961-2000,39,26,12.6,8.6
Srinagar,January,1901-2000,98,5,-2.3,62.2
Srinagar,February,1901-2000,98,7.6,-0.8,71.4
Srinagar,March,1901-2000,98,13.5,3.4,101.1
Srinagar,April,1901-2000,98,19.3,7.4,90.7
Srinagar,May,1901-2000,98,24.2,10.9,68.2
Srinagar,June,1901-2000,98,28.9,14.5,36.3
Srinagar,July,1901-2000,98,30.3,18.2,54.3
Srinagar,August,1901-2000,98,29.7,17.7,64.6
Srinagar,September,1901-2000,98,27.6,12.5,35.4
Srinagar,October,1901-2000,98,22.1,5.6,30.9
Srinagar,November,1901-2000,98,15.4,0.3,19.7
Srinagar,December,1901-2000,98,8.5,-2,41.4
Surat,January,1901-2000,99,30.9,14.7,2.1
Surat,February,1901-2000,99,32.4,16.2,1
Surat,March,1901-2000,99,35.8,20.1,0.8
Surat,April,1901-2000,99,37.2,23.6,2.2
Surat,May,1901-2000,99,36.2,26.3,6.4
Surat,June,1901-2000,99,33.8,26.7,212.8
Surat,July,1901-2000,99,30.8,25.5,440.8
Surat,August,1901-2000,99,30.4,25.1,233.4
Surat,September,1901-2000,99,31.8,24.6,169.7
Surat,October,1901-2000,99,35.3,23,33.5
Surat,November,1901-2000,99,34.3,19.2,12.4
Surat,December,1901-2000,99,32,15.9,2.1
Thiruvananthapuram,January,1901-2000,100,30.7,22.4,22.9
Thiruvananthapuram,February,1901-2000,100,31.2,23,21.9
Thiruvananthapuram,March,1901-2000,100,32.1,24.4,36.4
Thiruvananthapuram,April,1901-2000,100,32.1,25.3,110.5
Thiruvananthapuram,May,1901-2000,100,31.3,25.2,210
Thiruvananthapuram,June,1901-2000,100,29.3,23.9,343.5
Thiruvananthapuram,July,1901-2000,100,28.8,23.4,218.6
Thiruvananthapuram,August,1901-2000,100,29,23.5,143.2
Thiruvananthapuram,September,1901-2000,100,29.6,23.6,152.5
Thiruvananthapuram,October,1901-2000,100,29.5,23.6,267.9
Thiruvananthapuram,November,1901-2000,100,29.6,23.3,199
Thiruvananthapuram,December,1901-2000,100,30.3,22.8,70.2
Tirupathy,January,1981-2000,20,29.9,18.7,22
Tirupathy,February,1981-2000,20,32.8,20.1,19.7
Tirupathy,March,1981-2000,20,36.7,22.6,2.9
Tirupathy,April,1981-2000,20,39.3,26.2,13.9
Tirupathy,May,1981-2000,20,40.3,27.9,45.7
Tirupathy,June,1981-2000,20,37.8,27.2,69.7
Tirupathy,July,1981-2000,20,35.7,25.9,113
Tirupathy,August,1981-2000,20,34.8,25.5,118.6
Tirupathy,September,1981-2000,20,34.8,25.1,119.1
Tirupathy,October,1981-2000,20,32.7,23.5,157.5
Tirupathy,November,1981-2000,20,30.1,21.7,218.7
Tirupathy,December,1981-2000,20,28.9,19.9,130.5
Tura,January,1950-1985,35,23,11.5,8.7
Tura,February,1950-1985,35,25.2,13.4,11
Tura,March,1950-1985,35,29.3,17.4,53.4
Tura,April,1950-1985,35,31.2,20.4,147.8
Tura,May,1950-1985,35,30.1,20.7,402.8
Tura,June,1950-1985,35,29.1,21.3,611.5
Tura,July,1950-1985,35,28.8,22.2,628.3
Tura,August,1950-1985,35,28.8,22.1,458.8
Tura,September,1950-1985,35,29.1,21.6,377.4
Tura,October,1950-1985,35,28.8,19.6,210.7
Tura,November,1950-1985,35,26.6,15.9,28.5
Tura,December,1950-1985,35,23.8,12.9,2.4
Udaipur (Dabok),January,1965-2000,36,24.3,7,2.4
Udaipur (Dabok),February,1965-2000,36,27,9.3,13.8
Udaipur (Dabok),March,1965-2000,36,32.6,14.6,6.2
Udaipur (Dabok),April,1965-2000,36,37.3,20.2,5.2
Udaipur (Dabok),May,1965-2000,36,39.7,25,16.9
Udaipur (Dabok),June,1965-2000,36,37.3,26.1,75.2
Udaipur (Dabok),July,1965-2000,36,32,24.5,175.1
Udaipur (Dabok),August,1965-2000,36,30.2,23.2,195.3
Udaipur (Dabok),September,1965-2000,36,32.3,21.4,89.4
Udaipur (Dabok),October,1965-2000,36,33.4,16.9,16.3
Udaipur (Dabok),November,1965-2000,36,29.4,11.8,12.8
Udaipur (Dabok),December,1965-2000,36,25.5,7.8,2.9
Uthagamandalam,January,1901-2000,87,20.3,5.6,20.5
Uthagamandalam,February,1901-2000,87,20.9,6.5,10.2
Uthagamandalam,March,1901-2000,87,22.2,8.8,25.8
Uthagamandalam,April,1901-2000,87,22.6,10.7,75.4
Uthagamandalam,May,1901-2000,87,22,11.4,147.5
Uthagamandalam,June,1901-2000,87,18.3,11.2,136.7
Uthagamandalam,July,1901-2000,87,16.9,11,181.1
Uthagamandalam,August,1901-2000,87,17.4,10.9,123.7
Uthagamandalam,September,1901-2000,87,18.5,10.4,134.9
Uthagamandalam,October,1901-2000,87,18.8,10.1,189.2
Uthagamandalam,November,1901-2000,87,18.7,8.6,139.9
Uthagamandalam,December,1901-2000,87,19.7,6.7,52.8
Varanasi (Babatpur),January,1952-2000,48,23.2,8.8,17.6
Varanasi (Babatpur),February,1952-2000,48,26.7,11.3,15
Varanasi (Babatpur),March,1952-2000,48,33,16.3,7.9
Varanasi (Babatpur),April,1952-2000,48,38.8,22,4.4
Varanasi (Babatpur),May,1952-2000,48,40.9,26.2,10.5
Varanasi (Babatpur),June,1952-2000,48,38.8,27.9,96.6
Varanasi (Babatpur),July,1952-2000,48,33.8,26.4,309.9
Varanasi (Babatpur),August,1952-2000,48,32.8,26,273.2
Varanasi (Babatpur),September,1952-2000,48,32.7,25,246.4
Varanasi (Babatpur),October,1952-2000,48,32.7,20.7,35.1
Varanasi (Babatpur),November,1952-2000,48,29.3,14.1,10.7
Varanasi (Babatpur),December,1952-2000,48,24.6,9.6,6.5
Vijayawada,January,1978-1993,14,30.2,18.6,6.2
Vijayawada,February,1978-1993,14,32.7,20.6,4.6
Vijayawada,March,1978-1993,14,35.6,23.3,4.6
Vijayawada,April,1978-1993,14,38.2,26.2,4.8
Vijayawada,May,1978-1993,14,39.9,27.8,20.8
Vijayawada,June,1978-1993,14,37.2,26.9,80.8
Vijayawada,July,1978-1993,14,33.7,25,173
Vijayawada,August,1978-1993,14,33.1,25,146.2
Vijayawada,September,1978-1993,14,32.4,24.5,179.9
Vijayawada,October,1978-1993,14,32.4,23.2,57.2
Vijayawada,November,1978-1993,14,31,20.9,52.3
Vijayawada,December,1978-1993,14,30.3,19.7,5.8
Vishakhapatnam,January,1968-2000,29,27.7,20.6,14.2
Vishakhapatnam,February,1968-2000,29,29.2,22.2,21.1
Vishakhapatnam,March,1968-2000,29,30.8,24.4,8.3
Vishakhapatnam,April,1968-2000,29,31.8,26.3,25.6
Vishakhapatnam,May,1968-2000,29,33.1,27.5,68.7
Vishakhapatnam,June,1968-2000,29,32.8,27.4,124.6
Vishakhapatnam,July,1968-2000,29,31.2,26.2,142.1
Vishakhapatnam,August,1968-2000,29,31.3,26,165.2
Vishakhapatnam,September,1968-2000,29,31.3,25.8,164
Vishakhapatnam,October,1968-2000,29,31.1,24.9,238.2
Vishakhapatnam,November,1968-2000,29,29.6,23.1,124
Vishakhapatnam,December,1968-2000,29,27.9,20.9,6.7
